"","NAME","state","county","tract","B19013_001E"
"1","Census Tract 103, Allegheny County, Pennsylvania","42","003","010300",22292
"2","Census Tract 201, Allegheny County, Pennsylvania","42","003","020100",72642
"3","Census Tract 203, Allegheny County, Pennsylvania","42","003","020300",93125
"4","Census Tract 305, Allegheny County, Pennsylvania","42","003","030500",18730
"5","Census Tract 402, Allegheny County, Pennsylvania","42","003","040200",16250
"6","Census Tract 404, Allegheny County, Pennsylvania","42","003","040400",24803
"7","Census Tract 405, Allegheny County, Pennsylvania","42","003","040500",17275
"8","Census Tract 406, Allegheny County, Pennsylvania","42","003","040600",19659
"9","Census Tract 409, Allegheny County, Pennsylvania","42","003","040900",21940
"10","Census Tract 501, Allegheny County, Pennsylvania","42","003","050100",19608
"11","Census Tract 506, Allegheny County, Pennsylvania","42","003","050600",36642
"12","Census Tract 509, Allegheny County, Pennsylvania","42","003","050900",14281
"13","Census Tract 510, Allegheny County, Pennsylvania","42","003","051000",16373
"14","Census Tract 511, Allegheny County, Pennsylvania","42","003","051100",20313
"15","Census Tract 603, Allegheny County, Pennsylvania","42","003","060300",51964
"16","Census Tract 605, Allegheny County, Pennsylvania","42","003","060500",36786
"17","Census Tract 703, Allegheny County, Pennsylvania","42","003","070300",56136
"18","Census Tract 705, Allegheny County, Pennsylvania","42","003","070500",50838
"19","Census Tract 706, Allegheny County, Pennsylvania","42","003","070600",48719
"20","Census Tract 708, Allegheny County, Pennsylvania","42","003","070800",50972
"21","Census Tract 709, Allegheny County, Pennsylvania","42","003","070900",30359
"22","Census Tract 802, Allegheny County, Pennsylvania","42","003","080200",40784
"23","Census Tract 804, Allegheny County, Pennsylvania","42","003","080400",32750
"24","Census Tract 806, Allegheny County, Pennsylvania","42","003","080600",55611
"25","Census Tract 807, Allegheny County, Pennsylvania","42","003","080700",35057
"26","Census Tract 809, Allegheny County, Pennsylvania","42","003","080900",51458
"27","Census Tract 901, Allegheny County, Pennsylvania","42","003","090100",52708
"28","Census Tract 902, Allegheny County, Pennsylvania","42","003","090200",53115
"29","Census Tract 903, Allegheny County, Pennsylvania","42","003","090300",37372
"30","Census Tract 1005, Allegheny County, Pennsylvania","42","003","100500",46308
"31","Census Tract 1011, Allegheny County, Pennsylvania","42","003","101100",37500
"32","Census Tract 1014, Allegheny County, Pennsylvania","42","003","101400",50283
"33","Census Tract 1016, Allegheny County, Pennsylvania","42","003","101600",27019
"34","Census Tract 1017, Allegheny County, Pennsylvania","42","003","101700",33494
"35","Census Tract 1018, Allegheny County, Pennsylvania","42","003","101800",57500
"36","Census Tract 1102, Allegheny County, Pennsylvania","42","003","110200",51563
"37","Census Tract 1106, Allegheny County, Pennsylvania","42","003","110600",65104
"38","Census Tract 1113, Allegheny County, Pennsylvania","42","003","111300",37114
"39","Census Tract 1114, Allegheny County, Pennsylvania","42","003","111400",26518
"40","Census Tract 1115, Allegheny County, Pennsylvania","42","003","111500",24073
"41","Census Tract 1203, Allegheny County, Pennsylvania","42","003","120300",29444
"42","Census Tract 1204, Allegheny County, Pennsylvania","42","003","120400",16786
"43","Census Tract 1207, Allegheny County, Pennsylvania","42","003","120700",24083
"44","Census Tract 1208, Allegheny County, Pennsylvania","42","003","120800",26875
"45","Census Tract 1301, Allegheny County, Pennsylvania","42","003","130100",16250
"46","Census Tract 1302, Allegheny County, Pennsylvania","42","003","130200",32650
"47","Census Tract 1303, Allegheny County, Pennsylvania","42","003","130300",16200
"48","Census Tract 1304, Allegheny County, Pennsylvania","42","003","130400",24141
"49","Census Tract 1306, Allegheny County, Pennsylvania","42","003","130600",22465
"50","Census Tract 1401, Allegheny County, Pennsylvania","42","003","140100",164886
"51","Census Tract 1402, Allegheny County, Pennsylvania","42","003","140200",66250
"52","Census Tract 1403, Allegheny County, Pennsylvania","42","003","140300",106175
"53","Census Tract 1404, Allegheny County, Pennsylvania","42","003","140400",129432
"54","Census Tract 1405, Allegheny County, Pennsylvania","42","003","140500",58405
"55","Census Tract 1406, Allegheny County, Pennsylvania","42","003","140600",75982
"56","Census Tract 1408, Allegheny County, Pennsylvania","42","003","140800",70231
"57","Census Tract 1410, Allegheny County, Pennsylvania","42","003","141000",67188
"58","Census Tract 1411, Allegheny County, Pennsylvania","42","003","141100",65313
"59","Census Tract 1413, Allegheny County, Pennsylvania","42","003","141300",46414
"60","Census Tract 1414, Allegheny County, Pennsylvania","42","003","141400",64970
"61","Census Tract 1516, Allegheny County, Pennsylvania","42","003","151600",64236
"62","Census Tract 1517, Allegheny County, Pennsylvania","42","003","151700",62329
"63","Census Tract 1608, Allegheny County, Pennsylvania","42","003","160800",44878
"64","Census Tract 1609, Allegheny County, Pennsylvania","42","003","160900",53992
"65","Census Tract 1702, Allegheny County, Pennsylvania","42","003","170200",48837
"66","Census Tract 1706, Allegheny County, Pennsylvania","42","003","170600",45508
"67","Census Tract 1803, Allegheny County, Pennsylvania","42","003","180300",27656
"68","Census Tract 1807, Allegheny County, Pennsylvania","42","003","180700",38576
"69","Census Tract 1903, Allegheny County, Pennsylvania","42","003","190300",68558
"70","Census Tract 1911, Allegheny County, Pennsylvania","42","003","191100",62036
"71","Census Tract 1914, Allegheny County, Pennsylvania","42","003","191400",44792
"72","Census Tract 1915, Allegheny County, Pennsylvania","42","003","191500",37301
"73","Census Tract 1916, Allegheny County, Pennsylvania","42","003","191600",49556
"74","Census Tract 1917, Allegheny County, Pennsylvania","42","003","191700",52667
"75","Census Tract 1918, Allegheny County, Pennsylvania","42","003","191800",56364
"76","Census Tract 1919, Allegheny County, Pennsylvania","42","003","191900",50568
"77","Census Tract 1920, Allegheny County, Pennsylvania","42","003","192000",45441
"78","Census Tract 2022, Allegheny County, Pennsylvania","42","003","202200",43750
"79","Census Tract 2023, Allegheny County, Pennsylvania","42","003","202300",60820
"80","Census Tract 2107, Allegheny County, Pennsylvania","42","003","210700",40711
"81","Census Tract 2206, Allegheny County, Pennsylvania","42","003","220600",41076
"82","Census Tract 2406, Allegheny County, Pennsylvania","42","003","240600",44028
"83","Census Tract 2412, Allegheny County, Pennsylvania","42","003","241200",31314
"84","Census Tract 2503, Allegheny County, Pennsylvania","42","003","250300",39500
"85","Census Tract 2507, Allegheny County, Pennsylvania","42","003","250700",20000
"86","Census Tract 2509, Allegheny County, Pennsylvania","42","003","250900",26332
"87","Census Tract 2602, Allegheny County, Pennsylvania","42","003","260200",45075
"88","Census Tract 2607, Allegheny County, Pennsylvania","42","003","260700",52500
"89","Census Tract 2609, Allegheny County, Pennsylvania","42","003","260900",12742
"90","Census Tract 2612, Allegheny County, Pennsylvania","42","003","261200",65000
"91","Census Tract 2614, Allegheny County, Pennsylvania","42","003","261400",30366
"92","Census Tract 2615, Allegheny County, Pennsylvania","42","003","261500",32768
"93","Census Tract 2620, Allegheny County, Pennsylvania","42","003","262000",26339
"94","Census Tract 2701, Allegheny County, Pennsylvania","42","003","270100",52931
"95","Census Tract 2703, Allegheny County, Pennsylvania","42","003","270300",38393
"96","Census Tract 2704, Allegheny County, Pennsylvania","42","003","270400",41087
"97","Census Tract 2708, Allegheny County, Pennsylvania","42","003","270800",65709
"98","Census Tract 2715, Allegheny County, Pennsylvania","42","003","271500",36364
"99","Census Tract 2814, Allegheny County, Pennsylvania","42","003","281400",35417
"100","Census Tract 2815, Allegheny County, Pennsylvania","42","003","281500",49405
"101","Census Tract 2901, Allegheny County, Pennsylvania","42","003","290100",34840
"102","Census Tract 2902, Allegheny County, Pennsylvania","42","003","290200",38264
"103","Census Tract 2904, Allegheny County, Pennsylvania","42","003","290400",42708
"104","Census Tract 3001, Allegheny County, Pennsylvania","42","003","300100",30426
"105","Census Tract 3102, Allegheny County, Pennsylvania","42","003","310200",47554
"106","Census Tract 3103, Allegheny County, Pennsylvania","42","003","310300",70221
"107","Census Tract 3204, Allegheny County, Pennsylvania","42","003","320400",45203
"108","Census Tract 3206, Allegheny County, Pennsylvania","42","003","320600",51383
"109","Census Tract 3207, Allegheny County, Pennsylvania","42","003","320700",47891
"110","Census Tract 4011, Allegheny County, Pennsylvania","42","003","401100",55154
"111","Census Tract 4012, Allegheny County, Pennsylvania","42","003","401200",30556
"112","Census Tract 4013, Allegheny County, Pennsylvania","42","003","401300",65175
"113","Census Tract 4020, Allegheny County, Pennsylvania","42","003","402000",40753
"114","Census Tract 4035, Allegheny County, Pennsylvania","42","003","403500",33026
"115","Census Tract 4040, Allegheny County, Pennsylvania","42","003","404000",48158
"116","Census Tract 4050, Allegheny County, Pennsylvania","42","003","405000",56058
"117","Census Tract 4060, Allegheny County, Pennsylvania","42","003","406000",59112
"118","Census Tract 4070.01, Allegheny County, Pennsylvania","42","003","407001",53445
"119","Census Tract 4070.02, Allegheny County, Pennsylvania","42","003","407002",67104
"120","Census Tract 4080.01, Allegheny County, Pennsylvania","42","003","408001",77684
"121","Census Tract 4080.02, Allegheny County, Pennsylvania","42","003","408002",98074
"122","Census Tract 4090, Allegheny County, Pennsylvania","42","003","409000",131484
"123","Census Tract 4100, Allegheny County, Pennsylvania","42","003","410000",103750
"124","Census Tract 4110, Allegheny County, Pennsylvania","42","003","411000",114917
"125","Census Tract 4120.01, Allegheny County, Pennsylvania","42","003","412001",115756
"126","Census Tract 4120.02, Allegheny County, Pennsylvania","42","003","412002",133884
"127","Census Tract 4131, Allegheny County, Pennsylvania","42","003","413100",104085
"128","Census Tract 4132.01, Allegheny County, Pennsylvania","42","003","413201",73750
"129","Census Tract 4132.02, Allegheny County, Pennsylvania","42","003","413202",71000
"130","Census Tract 4133, Allegheny County, Pennsylvania","42","003","413300",76932
"131","Census Tract 4134, Allegheny County, Pennsylvania","42","003","413400",88173
"132","Census Tract 4135, Allegheny County, Pennsylvania","42","003","413500",61416
"133","Census Tract 4141.01, Allegheny County, Pennsylvania","42","003","414101",89698
"134","Census Tract 4141.02, Allegheny County, Pennsylvania","42","003","414102",84184
"135","Census Tract 4142, Allegheny County, Pennsylvania","42","003","414200",73043
"136","Census Tract 4150.01, Allegheny County, Pennsylvania","42","003","415001",87596
"137","Census Tract 4150.02, Allegheny County, Pennsylvania","42","003","415002",92250
"138","Census Tract 4160, Allegheny County, Pennsylvania","42","003","416000",48750
"139","Census Tract 4171, Allegheny County, Pennsylvania","42","003","417100",53365
"140","Census Tract 4172, Allegheny County, Pennsylvania","42","003","417200",34055
"141","Census Tract 4180, Allegheny County, Pennsylvania","42","003","418000",55321
"142","Census Tract 4190, Allegheny County, Pennsylvania","42","003","419000",49643
"143","Census Tract 4200, Allegheny County, Pennsylvania","42","003","420000",39929
"144","Census Tract 4211, Allegheny County, Pennsylvania","42","003","421100",72450
"145","Census Tract 4212, Allegheny County, Pennsylvania","42","003","421200",92051
"146","Census Tract 4220, Allegheny County, Pennsylvania","42","003","422000",148553
"147","Census Tract 4230, Allegheny County, Pennsylvania","42","003","423000",66108
"148","Census Tract 4240, Allegheny County, Pennsylvania","42","003","424000",32431
"149","Census Tract 4250, Allegheny County, Pennsylvania","42","003","425000",44615
"150","Census Tract 4263, Allegheny County, Pennsylvania","42","003","426300",77057
"151","Census Tract 4264, Allegheny County, Pennsylvania","42","003","426400",61680
"152","Census Tract 4267, Allegheny County, Pennsylvania","42","003","426700",57885
"153","Census Tract 4268, Allegheny County, Pennsylvania","42","003","426800",79491
"154","Census Tract 4270, Allegheny County, Pennsylvania","42","003","427000",35496
"155","Census Tract 4271, Allegheny County, Pennsylvania","42","003","427100",78393
"156","Census Tract 4272, Allegheny County, Pennsylvania","42","003","427200",51315
"157","Census Tract 4281, Allegheny County, Pennsylvania","42","003","428100",54712
"158","Census Tract 4282, Allegheny County, Pennsylvania","42","003","428200",65000
"159","Census Tract 4291, Allegheny County, Pennsylvania","42","003","429100",68244
"160","Census Tract 4292.01, Allegheny County, Pennsylvania","42","003","429201",81033
"161","Census Tract 4292.02, Allegheny County, Pennsylvania","42","003","429202",72861
"162","Census Tract 4293, Allegheny County, Pennsylvania","42","003","429300",71890
"163","Census Tract 4294, Allegheny County, Pennsylvania","42","003","429400",68780
"164","Census Tract 4295, Allegheny County, Pennsylvania","42","003","429500",60506
"165","Census Tract 4296, Allegheny County, Pennsylvania","42","003","429600",58423
"166","Census Tract 4297, Allegheny County, Pennsylvania","42","003","429700",46071
"167","Census Tract 4301, Allegheny County, Pennsylvania","42","003","430100",54625
"168","Census Tract 4302, Allegheny County, Pennsylvania","42","003","430200",58218
"169","Census Tract 4311, Allegheny County, Pennsylvania","42","003","431100",41118
"170","Census Tract 4314, Allegheny County, Pennsylvania","42","003","431400",45882
"171","Census Tract 4315, Allegheny County, Pennsylvania","42","003","431500",38079
"172","Census Tract 4323, Allegheny County, Pennsylvania","42","003","432300",39265
"173","Census Tract 4324, Allegheny County, Pennsylvania","42","003","432400",39720
"174","Census Tract 4340, Allegheny County, Pennsylvania","42","003","434000",91250
"175","Census Tract 4350, Allegheny County, Pennsylvania","42","003","435000",55399
"176","Census Tract 4370, Allegheny County, Pennsylvania","42","003","437000",105919
"177","Census Tract 4390, Allegheny County, Pennsylvania","42","003","439000",92083
"178","Census Tract 4455, Allegheny County, Pennsylvania","42","003","445500",69625
"179","Census Tract 4460, Allegheny County, Pennsylvania","42","003","446000",154545
"180","Census Tract 4470, Allegheny County, Pennsylvania","42","003","447000",80192
"181","Census Tract 4480, Allegheny County, Pennsylvania","42","003","448000",46389
"182","Census Tract 4490, Allegheny County, Pennsylvania","42","003","449000",65179
"183","Census Tract 4507, Allegheny County, Pennsylvania","42","003","450700",42585
"184","Census Tract 4508, Allegheny County, Pennsylvania","42","003","450800",35722
"185","Census Tract 4511.01, Allegheny County, Pennsylvania","42","003","451101",81771
"186","Census Tract 4511.02, Allegheny County, Pennsylvania","42","003","451102",56375
"187","Census Tract 4511.04, Allegheny County, Pennsylvania","42","003","451104",103088
"188","Census Tract 4511.05, Allegheny County, Pennsylvania","42","003","451105",55081
"189","Census Tract 4513, Allegheny County, Pennsylvania","42","003","451300",106567
"190","Census Tract 4520, Allegheny County, Pennsylvania","42","003","452000",75968
"191","Census Tract 4530.03, Allegheny County, Pennsylvania","42","003","453003",57375
"192","Census Tract 4530.04, Allegheny County, Pennsylvania","42","003","453004",75297
"193","Census Tract 4550, Allegheny County, Pennsylvania","42","003","455000",58618
"194","Census Tract 4560.01, Allegheny County, Pennsylvania","42","003","456001",80050
"195","Census Tract 4560.03, Allegheny County, Pennsylvania","42","003","456003",94356
"196","Census Tract 4560.04, Allegheny County, Pennsylvania","42","003","456004",60740
"197","Census Tract 4571, Allegheny County, Pennsylvania","42","003","457100",40878
"198","Census Tract 4572, Allegheny County, Pennsylvania","42","003","457200",49545
"199","Census Tract 4580, Allegheny County, Pennsylvania","42","003","458000",68542
"200","Census Tract 4591.01, Allegheny County, Pennsylvania","42","003","459101",65000
"201","Census Tract 4591.02, Allegheny County, Pennsylvania","42","003","459102",93135
"202","Census Tract 4592.01, Allegheny County, Pennsylvania","42","003","459201",77388
"203","Census Tract 4592.02, Allegheny County, Pennsylvania","42","003","459202",54779
"204","Census Tract 4600.01, Allegheny County, Pennsylvania","42","003","460001",64730
"205","Census Tract 4600.02, Allegheny County, Pennsylvania","42","003","460002",70060
"206","Census Tract 4610, Allegheny County, Pennsylvania","42","003","461000",44375
"207","Census Tract 4621, Allegheny County, Pennsylvania","42","003","462100",33333
"208","Census Tract 4626, Allegheny County, Pennsylvania","42","003","462600",36132
"209","Census Tract 4639, Allegheny County, Pennsylvania","42","003","463900",35804
"210","Census Tract 4643, Allegheny County, Pennsylvania","42","003","464300",48490
"211","Census Tract 4644, Allegheny County, Pennsylvania","42","003","464400",25971
"212","Census Tract 4656, Allegheny County, Pennsylvania","42","003","465600",39601
"213","Census Tract 4658, Allegheny County, Pennsylvania","42","003","465800",57480
"214","Census Tract 4687, Allegheny County, Pennsylvania","42","003","468700",47857
"215","Census Tract 4688, Allegheny County, Pennsylvania","42","003","468800",41625
"216","Census Tract 4689, Allegheny County, Pennsylvania","42","003","468900",42684
"217","Census Tract 4690, Allegheny County, Pennsylvania","42","003","469000",72604
"218","Census Tract 4703, Allegheny County, Pennsylvania","42","003","470300",65105
"219","Census Tract 4704, Allegheny County, Pennsylvania","42","003","470400",62697
"220","Census Tract 4705.01, Allegheny County, Pennsylvania","42","003","470501",65592
"221","Census Tract 4705.02, Allegheny County, Pennsylvania","42","003","470502",74574
"222","Census Tract 4706, Allegheny County, Pennsylvania","42","003","470600",48893
"223","Census Tract 4710, Allegheny County, Pennsylvania","42","003","471000",43333
"224","Census Tract 4721, Allegheny County, Pennsylvania","42","003","472100",49309
"225","Census Tract 4722, Allegheny County, Pennsylvania","42","003","472200",76094
"226","Census Tract 4723, Allegheny County, Pennsylvania","42","003","472300",46193
"227","Census Tract 4724, Allegheny County, Pennsylvania","42","003","472400",78886
"228","Census Tract 4731, Allegheny County, Pennsylvania","42","003","473100",73407
"229","Census Tract 4732, Allegheny County, Pennsylvania","42","003","473200",55833
"230","Census Tract 4733, Allegheny County, Pennsylvania","42","003","473300",85330
"231","Census Tract 4734.01, Allegheny County, Pennsylvania","42","003","473401",66848
"232","Census Tract 4734.02, Allegheny County, Pennsylvania","42","003","473402",97841
"233","Census Tract 4735, Allegheny County, Pennsylvania","42","003","473500",126960
"234","Census Tract 4736.01, Allegheny County, Pennsylvania","42","003","473601",107109
"235","Census Tract 4736.02, Allegheny County, Pennsylvania","42","003","473602",85909
"236","Census Tract 4741.01, Allegheny County, Pennsylvania","42","003","474101",94236
"237","Census Tract 4741.02, Allegheny County, Pennsylvania","42","003","474102",105990
"238","Census Tract 4742.01, Allegheny County, Pennsylvania","42","003","474201",109700
"239","Census Tract 4742.02, Allegheny County, Pennsylvania","42","003","474202",122361
"240","Census Tract 4742.03, Allegheny County, Pennsylvania","42","003","474203",106500
"241","Census Tract 4751.01, Allegheny County, Pennsylvania","42","003","475101",60112
"242","Census Tract 4751.02, Allegheny County, Pennsylvania","42","003","475102",72292
"243","Census Tract 4752, Allegheny County, Pennsylvania","42","003","475200",75757
"244","Census Tract 4753.01, Allegheny County, Pennsylvania","42","003","475301",57674
"245","Census Tract 4753.03, Allegheny County, Pennsylvania","42","003","475303",80213
"246","Census Tract 4753.04, Allegheny County, Pennsylvania","42","003","475304",83311
"247","Census Tract 4754.01, Allegheny County, Pennsylvania","42","003","475401",71042
"248","Census Tract 4754.02, Allegheny County, Pennsylvania","42","003","475402",83868
"249","Census Tract 4761, Allegheny County, Pennsylvania","42","003","476100",46341
"250","Census Tract 4762, Allegheny County, Pennsylvania","42","003","476200",59063
"251","Census Tract 4771, Allegheny County, Pennsylvania","42","003","477100",65408
"252","Census Tract 4772, Allegheny County, Pennsylvania","42","003","477200",60495
"253","Census Tract 4773, Allegheny County, Pennsylvania","42","003","477300",49866
"254","Census Tract 4781, Allegheny County, Pennsylvania","42","003","478100",46667
"255","Census Tract 4782, Allegheny County, Pennsylvania","42","003","478200",58383
"256","Census Tract 4790, Allegheny County, Pennsylvania","42","003","479000",60595
"257","Census Tract 4801.01, Allegheny County, Pennsylvania","42","003","480101",44854
"258","Census Tract 4801.02, Allegheny County, Pennsylvania","42","003","480102",58846
"259","Census Tract 4802, Allegheny County, Pennsylvania","42","003","480200",62153
"260","Census Tract 4803, Allegheny County, Pennsylvania","42","003","480300",64205
"261","Census Tract 4804, Allegheny County, Pennsylvania","42","003","480400",59618
"262","Census Tract 4810, Allegheny County, Pennsylvania","42","003","481000",33750
"263","Census Tract 4825, Allegheny County, Pennsylvania","42","003","482500",49219
"264","Census Tract 4838, Allegheny County, Pennsylvania","42","003","483800",24703
"265","Census Tract 4843, Allegheny County, Pennsylvania","42","003","484300",38542
"266","Census Tract 4845, Allegheny County, Pennsylvania","42","003","484500",54026
"267","Census Tract 4846, Allegheny County, Pennsylvania","42","003","484600",47719
"268","Census Tract 4850, Allegheny County, Pennsylvania","42","003","485000",39167
"269","Census Tract 4867, Allegheny County, Pennsylvania","42","003","486700",17331
"270","Census Tract 4868, Allegheny County, Pennsylvania","42","003","486800",24844
"271","Census Tract 4869, Allegheny County, Pennsylvania","42","003","486900",26768
"272","Census Tract 4870, Allegheny County, Pennsylvania","42","003","487000",41314
"273","Census Tract 4881, Allegheny County, Pennsylvania","42","003","488100",51445
"274","Census Tract 4882, Allegheny County, Pennsylvania","42","003","488200",43241
"275","Census Tract 4883, Allegheny County, Pennsylvania","42","003","488300",57216
"276","Census Tract 4884, Allegheny County, Pennsylvania","42","003","488400",43770
"277","Census Tract 4885, Allegheny County, Pennsylvania","42","003","488500",51934
"278","Census Tract 4886, Allegheny County, Pennsylvania","42","003","488600",58456
"279","Census Tract 4890.01, Allegheny County, Pennsylvania","42","003","489001",56316
"280","Census Tract 4890.02, Allegheny County, Pennsylvania","42","003","489002",78849
"281","Census Tract 4900.02, Allegheny County, Pennsylvania","42","003","490002",50326
"282","Census Tract 4900.03, Allegheny County, Pennsylvania","42","003","490003",82500
"283","Census Tract 4900.04, Allegheny County, Pennsylvania","42","003","490004",81196
"284","Census Tract 4911.01, Allegheny County, Pennsylvania","42","003","491101",90083
"285","Census Tract 4912, Allegheny County, Pennsylvania","42","003","491200",59779
"286","Census Tract 4927, Allegheny County, Pennsylvania","42","003","492700",35833
"287","Census Tract 4928, Allegheny County, Pennsylvania","42","003","492800",25488
"288","Census Tract 4929, Allegheny County, Pennsylvania","42","003","492900",37866
"289","Census Tract 4940, Allegheny County, Pennsylvania","42","003","494000",37014
"290","Census Tract 4950, Allegheny County, Pennsylvania","42","003","495000",51122
"291","Census Tract 4961.01, Allegheny County, Pennsylvania","42","003","496101",71769
"292","Census Tract 4961.02, Allegheny County, Pennsylvania","42","003","496102",61231
"293","Census Tract 4962, Allegheny County, Pennsylvania","42","003","496200",51250
"294","Census Tract 4970, Allegheny County, Pennsylvania","42","003","497000",54833
"295","Census Tract 4980, Allegheny County, Pennsylvania","42","003","498000",51892
"296","Census Tract 4993, Allegheny County, Pennsylvania","42","003","499300",41992
"297","Census Tract 4994, Allegheny County, Pennsylvania","42","003","499400",36413
"298","Census Tract 5003, Allegheny County, Pennsylvania","42","003","500300",44068
"299","Census Tract 5010, Allegheny County, Pennsylvania","42","003","501000",30324
"300","Census Tract 5030.02, Allegheny County, Pennsylvania","42","003","503002",52075
"301","Census Tract 5041, Allegheny County, Pennsylvania","42","003","504100",39592
"302","Census Tract 5070, Allegheny County, Pennsylvania","42","003","507000",41081
"303","Census Tract 5080, Allegheny County, Pennsylvania","42","003","508000",25536
"304","Census Tract 5094, Allegheny County, Pennsylvania","42","003","509400",33345
"305","Census Tract 5100, Allegheny County, Pennsylvania","42","003","510000",25697
"306","Census Tract 5120, Allegheny County, Pennsylvania","42","003","512000",32190
"307","Census Tract 5128, Allegheny County, Pennsylvania","42","003","512800",19517
"308","Census Tract 5129, Allegheny County, Pennsylvania","42","003","512900",21500
"309","Census Tract 5138, Allegheny County, Pennsylvania","42","003","513800",24551
"310","Census Tract 5140, Allegheny County, Pennsylvania","42","003","514000",25117
"311","Census Tract 5151, Allegheny County, Pennsylvania","42","003","515100",34063
"312","Census Tract 5152, Allegheny County, Pennsylvania","42","003","515200",46304
"313","Census Tract 5153, Allegheny County, Pennsylvania","42","003","515300",27396
"314","Census Tract 5154.01, Allegheny County, Pennsylvania","42","003","515401",55313
"315","Census Tract 5161, Allegheny County, Pennsylvania","42","003","516100",83203
"316","Census Tract 5162, Allegheny County, Pennsylvania","42","003","516200",68333
"317","Census Tract 5170, Allegheny County, Pennsylvania","42","003","517000",31000
"318","Census Tract 5180.01, Allegheny County, Pennsylvania","42","003","518001",80893
"319","Census Tract 5190, Allegheny County, Pennsylvania","42","003","519000",88605
"320","Census Tract 5200.01, Allegheny County, Pennsylvania","42","003","520001",57500
"321","Census Tract 5200.02, Allegheny County, Pennsylvania","42","003","520002",49663
"322","Census Tract 5211, Allegheny County, Pennsylvania","42","003","521100",72829
"323","Census Tract 5212, Allegheny County, Pennsylvania","42","003","521200",59712
"324","Census Tract 5213.01, Allegheny County, Pennsylvania","42","003","521301",36150
"325","Census Tract 5213.02, Allegheny County, Pennsylvania","42","003","521302",48794
"326","Census Tract 5214.01, Allegheny County, Pennsylvania","42","003","521401",55950
"327","Census Tract 5214.02, Allegheny County, Pennsylvania","42","003","521402",96897
"328","Census Tract 5215, Allegheny County, Pennsylvania","42","003","521500",61473
"329","Census Tract 5220, Allegheny County, Pennsylvania","42","003","522000",30902
"330","Census Tract 5231, Allegheny County, Pennsylvania","42","003","523100",45383
"331","Census Tract 5232, Allegheny County, Pennsylvania","42","003","523200",41282
"332","Census Tract 5233, Allegheny County, Pennsylvania","42","003","523300",51250
"333","Census Tract 5234, Allegheny County, Pennsylvania","42","003","523400",50337
"334","Census Tract 5235.01, Allegheny County, Pennsylvania","42","003","523501",50679
"335","Census Tract 5235.02, Allegheny County, Pennsylvania","42","003","523502",33056
"336","Census Tract 5236, Allegheny County, Pennsylvania","42","003","523600",66996
"337","Census Tract 5237.01, Allegheny County, Pennsylvania","42","003","523701",53867
"338","Census Tract 5237.02, Allegheny County, Pennsylvania","42","003","523702",44347
"339","Census Tract 5238, Allegheny County, Pennsylvania","42","003","523800",51728
"340","Census Tract 5240, Allegheny County, Pennsylvania","42","003","524000",37857
"341","Census Tract 5251, Allegheny County, Pennsylvania","42","003","525100",79926
"342","Census Tract 5252, Allegheny County, Pennsylvania","42","003","525200",50288
"343","Census Tract 5253, Allegheny County, Pennsylvania","42","003","525300",62460
"344","Census Tract 5261.01, Allegheny County, Pennsylvania","42","003","526101",90256
"345","Census Tract 5261.02, Allegheny County, Pennsylvania","42","003","526102",61818
"346","Census Tract 5262.01, Allegheny County, Pennsylvania","42","003","526201",71296
"347","Census Tract 5262.02, Allegheny County, Pennsylvania","42","003","526202",67557
"348","Census Tract 5263.01, Allegheny County, Pennsylvania","42","003","526301",68787
"349","Census Tract 5263.02, Allegheny County, Pennsylvania","42","003","526302",64647
"350","Census Tract 5509, Allegheny County, Pennsylvania","42","003","550900",20222
"351","Census Tract 5512, Allegheny County, Pennsylvania","42","003","551200",21441
"352","Census Tract 5513, Allegheny County, Pennsylvania","42","003","551300",50700
"353","Census Tract 5519, Allegheny County, Pennsylvania","42","003","551900",13353
"354","Census Tract 5520, Allegheny County, Pennsylvania","42","003","552000",36144
"355","Census Tract 5521, Allegheny County, Pennsylvania","42","003","552100",15137
"356","Census Tract 5522, Allegheny County, Pennsylvania","42","003","552200",24688
"357","Census Tract 5523, Allegheny County, Pennsylvania","42","003","552300",22659
"358","Census Tract 5524, Allegheny County, Pennsylvania","42","003","552400",38750
"359","Census Tract 5604, Allegheny County, Pennsylvania","42","003","560400",29971
"360","Census Tract 5605, Allegheny County, Pennsylvania","42","003","560500",53059
"361","Census Tract 5606, Allegheny County, Pennsylvania","42","003","560600",25750
"362","Census Tract 5610, Allegheny County, Pennsylvania","42","003","561000",31585
"363","Census Tract 5611, Allegheny County, Pennsylvania","42","003","561100",20262
"364","Census Tract 5612, Allegheny County, Pennsylvania","42","003","561200",32054
"365","Census Tract 5614, Allegheny County, Pennsylvania","42","003","561400",34147
"366","Census Tract 5615, Allegheny County, Pennsylvania","42","003","561500",29091
"367","Census Tract 5616, Allegheny County, Pennsylvania","42","003","561600",37586
"368","Census Tract 5617, Allegheny County, Pennsylvania","42","003","561700",37000
"369","Census Tract 5619, Allegheny County, Pennsylvania","42","003","561900",27308
"370","Census Tract 5620, Allegheny County, Pennsylvania","42","003","562000",19483
"371","Census Tract 5623, Allegheny County, Pennsylvania","42","003","562300",14263
"372","Census Tract 5624, Allegheny County, Pennsylvania","42","003","562400",38750
"373","Census Tract 5625, Allegheny County, Pennsylvania","42","003","562500",29375
"374","Census Tract 5626, Allegheny County, Pennsylvania","42","003","562600",32869
"375","Census Tract 5627, Allegheny County, Pennsylvania","42","003","562700",37386
"376","Census Tract 5628, Allegheny County, Pennsylvania","42","003","562800",42946
"377","Census Tract 5629, Allegheny County, Pennsylvania","42","003","562900",36750
"378","Census Tract 5630, Allegheny County, Pennsylvania","42","003","563000",61318
"379","Census Tract 5631, Allegheny County, Pennsylvania","42","003","563100",53184
"380","Census Tract 5632, Allegheny County, Pennsylvania","42","003","563200",30394
"381","Census Tract 5633, Allegheny County, Pennsylvania","42","003","563300",153750
"382","Census Tract 5638, Allegheny County, Pennsylvania","42","003","563800",74345
"383","Census Tract 5639, Allegheny County, Pennsylvania","42","003","563900",51555
"384","Census Tract 5640, Allegheny County, Pennsylvania","42","003","564000",64505
"385","Census Tract 5641, Allegheny County, Pennsylvania","42","003","564100",131875
"386","Census Tract 5642, Allegheny County, Pennsylvania","42","003","564200",57857
"387","Census Tract 5644, Allegheny County, Pennsylvania","42","003","564400",44298
"388","Census Tract 5645, Allegheny County, Pennsylvania","42","003","564500",64456
"389","Census Tract 9800, Allegheny County, Pennsylvania","42","003","980000",101917
"390","Census Tract 9801, Allegheny County, Pennsylvania","42","003","980100",-666666666
"391","Census Tract 9803, Allegheny County, Pennsylvania","42","003","980300",-666666666
"392","Census Tract 9804, Allegheny County, Pennsylvania","42","003","980400",-666666666
"393","Census Tract 9805, Allegheny County, Pennsylvania","42","003","980500",-666666666
"394","Census Tract 9806, Allegheny County, Pennsylvania","42","003","980600",-666666666
"395","Census Tract 9807, Allegheny County, Pennsylvania","42","003","980700",-666666666
"396","Census Tract 9808, Allegheny County, Pennsylvania","42","003","980800",-666666666
"397","Census Tract 9809, Allegheny County, Pennsylvania","42","003","980900",-666666666
"398","Census Tract 9810, Allegheny County, Pennsylvania","42","003","981000",-666666666
"399","Census Tract 9811, Allegheny County, Pennsylvania","42","003","981100",-666666666
"400","Census Tract 9812, Allegheny County, Pennsylvania","42","003","981200",-666666666
"401","Census Tract 9818, Allegheny County, Pennsylvania","42","003","981800",18750
"402","Census Tract 9822, Allegheny County, Pennsylvania","42","003","982200",16250
